strategy,test_size,train_size,n_train,n_test,vocab_size,min_freq,max_vocab,alpha,acc
TEST_SIZE_HOLDOUT,0.05,0.95,1486086,78216,50000,2,50000,1.0,0.7657512529405748
TEST_SIZE_HOLDOUT,0.1,0.9,1407871,156431,50000,2,50000,1.0,0.7662611630687012
TEST_SIZE_HOLDOUT,0.2,0.8,1251441,312861,50000,2,50000,1.0,0.7654165907543605
TEST_SIZE_HOLDOUT,0.3,0.7,1095011,469291,50000,2,50000,1.0,0.7655079684034001
TEST_SIZE_HOLDOUT,0.4,0.6,938581,625721,50000,2,50000,1.0,0.7644733035969705
